Workbook

Sheet NVMe SMART Summary
A1: NVMe SSD Health Status Report
A2: Source: smartctl output, 143 NVMe drives across 6 hosts | Generated 2026-05-25
A4: Hostname | B4: NVME Device | C4: Model Number | D4: Capacity | E4: TBW (Terabytes Written) | F4: Endurance Used | G4: Write Endurance (Life Remaining) | H4: Available Spare | I4: Disk Health | J4: Summary | K4: Notes
A5: zs-storage01 | B5: nvme0n1 | C5: Dell Express Flash NVMe P4610 3.2TB SFF | D5: 3.20 TB | E5: 528 | F5: 0.04 | G5: =1-F5 -> 0.96 | H5: 0.99 | I5: PASSED | J5: Good | K5: All indicators nominal
A6: zs-storage01 | B6: nvme1n1 | C6: Dell Express Flash NVMe P4610 3.2TB SFF | D6: 3.20 TB | E6: 429 | F6: 0.03 | G6: =1-F6 -> 0.97 | H6: 1 | I6: PASSED | J6: Good | K6: All indicators nominal
A7: zs-storage01 | B7: nvme2n1 | C7: Dell Express Flash NVMe P4610 3.2TB SFF | D7: 3.20 TB | E7: 459 | F7: 0.03 | G7: =1-F7 -> 0.97 | H7: 0.99 | I7: PASSED | J7: Good | K7: All indicators nominal
A8: zs-storage01 | B8: nvme3n1 | C8: Dell Express Flash NVMe P4610 3.2TB SFF | D8: 3.20 TB | E8: 459 | F8: 0.03 | G8: =1-F8 -> 0.97 | H8: 0.99 | I8: PASSED | J8: Good | K8: All indicators nominal
A9: zs-storage01 | B9: nvme4n1 | C9: Dell Express Flash NVMe P4610 3.2TB SFF | D9: 3.20 TB | E9: 524 | F9: 0.04 | G9: =1-F9 -> 0.96 | H9: 0.99 | I9: PASSED | J9: Good | K9: All indicators nominal
A10: zs-storage01 | B10: nvme5n1 | C10: Dell Express Flash NVMe P4610 3.2TB SFF | D10: 3.20 TB | E10: 492 | F10: 0.04 | G10: =1-F10 -> 0.96 | H10: 1 | I10: PASSED | J10: Good | K10: All indicators nominal
A11: zs-storage01 | B11: nvme6n1 | C11: Dell Express Flash NVMe P4610 3.2TB SFF | D11: 3.20 TB | E11: 444 | F11: 0.03 | G11: =1-F11 -> 0.97 | H11: 1 | I11: PASSED | J11: Good | K11: All indicators nominal
A12: zs-storage01 | B12: nvme7n1 | C12: Dell Express Flash NVMe P4610 3.2TB SFF | D12: 3.20 TB | E12: 471 | F12: 0.03 | G12: =1-F12 -> 0.97 | H12: 1 | I12: PASSED | J12: Good | K12: All indicators nominal
A13: zs-storage01 | B13: nvme8n1 | C13: Dell Express Flash NVMe P4610 3.2TB SFF | D13: 3.20 TB | E13: 413 | F13: 0.03 | G13: =1-F13 -> 0.97 | H13: 1 | I13: PASSED | J13: Good | K13: All indicators nominal
A14: zs-storage01 | B14: nvme9n1 | C14: Dell Express Flash NVMe P4610 3.2TB SFF | D14: 3.20 TB | E14: 403 | F14: 0.03 | G14: =1-F14 -> 0.97 | H14: 1 | I14: PASSED | J14: Good | K14: All indicators nominal
A15: zs-storage01 | B15: nvme10n1 | C15: Dell Express Flash NVMe P4610 3.2TB SFF | D15: 3.20 TB | E15: 489 | F15: 0.03 | G15: =1-F15 -> 0.97 | H15: 1 | I15: PASSED | J15: Good | K15: All indicators nominal
A16: zs-storage01 | B16: nvme11n1 | C16: Dell Express Flash NVMe P4610 3.2TB SFF | D16: 3.20 TB | E16: 208 | F16: 0.01 | G16: =1-F16 -> 0.99 | H16: 1 | I16: PASSED | J16: Good | K16: All indicators nominal
... A147: zs-storage06 | B147: nvme23n1 | C147: Dell Express Flash NVMe P4610 3.2TB SFF | D147: 3.20 TB | E147: 157 | F147: 0 | G147: =1-F147 -> 1 | H147: 0.99 | I147: PASSED | J147: Good | K147: All indicators nominal

Sheet Overview
B2: Fleet Health Overview
B3: NVMe SSD SMART assessment summary
B5: Health Classification
B6: Total NVMe drives assessed | C6: =COUNTA('NVMe SMART Summary'!$A$5:$A$147) -> 143
B7: Good | C7: =COUNTIF('NVMe SMART Summary'!$J$5:$J$147,"Good") -> 131
B8: Warning | C8: =COUNTIF('NVMe SMART Summary'!$J$5:$J$147,"Warning") -> 12
B9: Not good | C9: =COUNTIF('NVMe SMART Summary'!$J$5:$J$147,"Not good") -> 0
B11: SMART Self-Assessment
B12: PASSED | C12: =COUNTIF('NVMe SMART Summary'!$I$5:$I$147,"PASSED") -> 143
B13: FAILED | C13: =COUNTIF('NVMe SMART Summary'!$I$5:$I$147,"FAILED") -> 0
B15: Capacity Written (Fleet)
B16: Total TBW across all drives | C16: =SUM('NVMe SMART Summary'!$E$5:$E$147) -> 52608.423
B17: Average TBW per drive | C17: =AVERAGE('NVMe SMART Summary'!$E$5:$E$147) -> 367.89107
B18: Highest TBW on a single drive | C18: =MAX('NVMe SMART Summary'!$E$5:$E$147) -> 861
B20: Drives by Model
B21: Dell Ent NVMe CM6 MU 3.2TB | C21: =COUNTIF('NVMe SMART Summary'!$C$5:$C$147,"Dell Ent NVMe CM6 MU 3.2TB") -> 3
B22: Dell Express Flash NVMe P4610 3.2TB SFF | C22: =COUNTIF('NVMe SMART Summary'!$C$5:$C$147,"Dell Express Flash NVMe P4610 3.2TB SFF") -> 116
B23: Dell Express Flash NVMe SM1715 3.2TB SFF | C23: =COUNTIF('NVMe SMART Summary'!$C$5:$C$147,"Dell Express Flash NVMe SM1715 3.2TB SFF") -> 12
B24: Dell Express Flash PM1725b 3.2TB SFF | C24: =COUNTIF('NVMe SMART Summary'!$C$5:$C$147,"Dell Express Flash PM1725b 3.2TB SFF") -> 12
B26: Drives by Host (Warnings)
B27: Host | C27: Drives | D27: Warnings
B28: zs-storage01 | C28: =COUNTIF('NVMe SMART Summary'!$A$5:$A$147,"zs-storage01") -> 23 | D28: =COUNTIFS('NVMe SMART Summary'!$A$5:$A$147,"zs-storage01",'NVMe SMART Summary'!$J$5:$J$147,"Warning")+COUNTIFS('NVMe SMART Summary'!$A$5:$A$147,"zs-storage01",'NVMe SMART Summary'!$J$5:$J$147,"Not good") -> 0
B29: zs-storage02 | C29: =COUNTIF('NVMe SMART Summary'!$A$5:$A$147,"zs-storage02") -> 24 | D29: =COUNTIFS('NVMe SMART Summary'!$A$5:$A$147,"zs-storage02",'NVMe SMART Summary'!$J$5:$J$147,"Warning")+COUNTIFS('NVMe SMART Summary'!$A$5:$A$147,"zs-storage02",'NVMe SMART Summary'!$J$5:$J$147,"Not good") -> 10
B30: zs-storage03 | C30: =COUNTIF('NVMe SMART Summary'!$A$5:$A$147,"zs-storage03") -> 24 | D30: =COUNTIFS('NVMe SMART Summary'!$A$5:$A$147,"zs-storage03",'NVMe SMART Summary'!$J$5:$J$147,"Warning")+COUNTIFS('NVMe SMART Summary'!$A$5:$A$147,"zs-storage03",'NVMe SMART Summary'!$J$5:$J$147,"Not good") -> 2
B31: zs-storage04 | C31: =COUNTIF('NVMe SMART Summary'!$A$5:$A$147,"zs-storage04") -> 24 | D31: =COUNTIFS('NVMe SMART Summary'!$A$5:$A$147,"zs-storage04",'NVMe SMART Summary'!$J$5:$J$147,"Warning")+COUNTIFS('NVMe SMART Summary'!$A$5:$A$147,"zs-storage04",'NVMe SMART Summary'!$J$5:$J$147,"Not good") -> 0
B32: zs-storage05 | C32: =COUNTIF('NVMe SMART Summary'!$A$5:$A$147,"zs-storage05") -> 24 | D32: =COUNTIFS('NVMe SMART Summary'!$A$5:$A$147,"zs-storage05",'NVMe SMART Summary'!$J$5:$J$147,"Warning")+COUNTIFS('NVMe SMART Summary'!$A$5:$A$147,"zs-storage05",'NVMe SMART Summary'!$J$5:$J$147,"Not good") -> 0
B33: zs-storage06 | C33: =COUNTIF('NVMe SMART Summary'!$A$5:$A$147,"zs-storage06") -> 24 | D33: =COUNTIFS('NVMe SMART Summary'!$A$5:$A$147,"zs-storage06",'NVMe SMART Summary'!$J$5:$J$147,"Warning")+COUNTIFS('NVMe SMART Summary'!$A$5:$A$147,"zs-storage06",'NVMe SMART Summary'!$J$5:$J$147,"Not good") -> 0
B35: Key Findings
B36: All 143 drives PASSED the SMART overall-health self-assessment.
B37: No critical warning flags, media errors, or data-integrity errors detected.
B38: 12 Samsung SM1715 drives flagged Warning: Available Spare has
B39: dropped to 68-82% (vs. 99-100% on peer drives) - early NAND wear.
B40: Endurance use remains low: max 4% used on the most-written drives.
B41: Action: monitor the SM1715 drives; plan replacement if spare keeps falling.

Sheet Full Details
A1: Hostname | B1: NVME Device | C1: Model Number | D1: Serial Number | E1: Firmware | F1: Capacity | G1: TBW | H1: Data Read | I1: Endurance Used | J1: Available Spare | K1: Available Spare Threshold | L1: Power On Hours | M1: Temperature | N1: Critical Warning | O1: Media/Data Errors | P1: Error Log Entries | Q1: Unsafe Shutdowns | R1: Disk Health | S1: Summary
A2: zs-storage01 | B2: nvme0n1 | C2: Dell Express Flash NVMe P4610 3.2TB SFF | D2: PHLN042101FD3P2BGN | E2: VDV1DP23 | F2: 3.20 TB | G2: 528 TB | H2: 341 TB | I2: 4% | J2: 99% | K2: 10% | L2: 30709 | M2: 30 Celsius | N2: 0x00 | O2: 0 | P2: 0 | Q2: 78 | R2: PASSED | S2: Good
A3: zs-storage01 | B3: nvme1n1 | C3: Dell Express Flash NVMe P4610 3.2TB SFF | D3: PHLN035201QN3P2BGN | E3: VDV1DP23 | F3: 3.20 TB | G3: 429 TB | H3: 245 TB | I3: 3% | J3: 100% | K3: 10% | L3: 30701 | M3: 30 Celsius | N3: 0x00 | O3: 0 | P3: 0 | Q3: 49 | R3: PASSED | S3: Good
A4: zs-storage01 | B4: nvme2n1 | C4: Dell Express Flash NVMe P4610 3.2TB SFF | D4: PHLN043400GT3P2BGN | E4: VDV1DP23 | F4: 3.20 TB | G4: 459 TB | H4: 261 TB | I4: 3% | J4: 99% | K4: 10% | L4: 30699 | M4: 30 Celsius | N4: 0x00 | O4: 0 | P4: 0 | Q4: 60 | R4: PASSED | S4: Good
A5: zs-storage01 | B5: nvme3n1 | C5: Dell Express Flash NVMe P4610 3.2TB SFF | D5: PHLN0433009R3P2BGN | E5: VDV1DP23 | F5: 3.20 TB | G5: 459 TB | H5: 229 TB | I5: 3% | J5: 99% | K5: 10% | L5: 30706 | M5: 30 Celsius | N5: 0x00 | O5: 0 | P5: 0 | Q5: 55 | R5: PASSED | S5: Good
A6: zs-storage01 | B6: nvme4n1 | C6: Dell Express Flash NVMe P4610 3.2TB SFF | D6: PHLN043300D63P2BGN | E6: VDV1DP23 | F6: 3.20 TB | G6: 524 TB | H6: 276 TB | I6: 4% | J6: 99% | K6: 10% | L6: 30694 | M6: 30 Celsius | N6: 0x00 | O6: 0 | P6: 0 | Q6: 54 | R6: PASSED | S6: Good
A7: zs-storage01 | B7: nvme5n1 | C7: Dell Express Flash NVMe P4610 3.2TB SFF | D7: PHLN035200853P2BGN | E7: VDV1DP23 | F7: 3.20 TB | G7: 492 TB | H7: 271 TB | I7: 4% | J7: 100% | K7: 10% | L7: 30727 | M7: 30 Celsius | N7: 0x00 | O7: 0 | P7: 0 | Q7: 59 | R7: PASSED | S7: Good
A8: zs-storage01 | B8: nvme6n1 | C8: Dell Express Flash NVMe P4610 3.2TB SFF | D8: PHLN035200843P2BGN | E8: VDV1DP23 | F8: 3.20 TB | G8: 444 TB | H8: 274 TB | I8: 3% | J8: 100% | K8: 10% | L8: 30729 | M8: 30 Celsius | N8: 0x00 | O8: 0 | P8: 0 | Q8: 52 | R8: PASSED | S8: Good
A9: zs-storage01 | B9: nvme7n1 | C9: Dell Express Flash NVMe P4610 3.2TB SFF | D9: PHLN043401M73P2BGN | E9: VDV1DP23 | F9: 3.20 TB | G9: 471 TB | H9: 200 TB | I9: 3% | J9: 100% | K9: 10% | L9: 30696 | M9: 30 Celsius | N9: 0x00 | O9: 0 | P9: 0 | Q9: 54 | R9: PASSED | S9: Good
A10: zs-storage01 | B10: nvme8n1 | C10: Dell Express Flash NVMe P4610 3.2TB SFF | D10: PHLN0434013T3P2BGN | E10: VDV1DP23 | F10: 3.20 TB | G10: 413 TB | H10: 188 TB | I10: 3% | J10: 100% | K10: 10% | L10: 30710 | M10: 33 Celsius | N10: 0x00 | O10: 0 | P10: 0 | Q10: 63 | R10: PASSED | S10: Good
A11: zs-storage01 | B11: nvme9n1 | C11: Dell Express Flash NVMe P4610 3.2TB SFF | D11: PHLN042101JH3P2BGN | E11: VDV1DP23 | F11: 3.20 TB | G11: 403 TB | H11: 223 TB | I11: 3% | J11: 100% | K11: 10% | L11: 30705 | M11: 31 Celsius | N11: 0x00 | O11: 0 | P11: 0 | Q11: 53 | R11: PASSED | S11: Good
A12: zs-storage01 | B12: nvme10n1 | C12: Dell Express Flash NVMe P4610 3.2TB SFF | D12: PHLN043400YP3P2BGN | E12: VDV1DP23 | F12: 3.20 TB | G12: 489 TB | H12: 237 TB | I12: 3% | J12: 100% | K12: 10% | L12: 30719 | M12: 30 Celsius | N12: 0x00 | O12: 0 | P12: 0 | Q12: 113 | R12: PASSED | S12: Good
A13: zs-storage01 | B13: nvme11n1 | C13: Dell Express Flash NVMe P4610 3.2TB SFF | D13: PHLN035200QE3P2BGN | E13: VDV1DP23 | F13: 3.20 TB | G13: 208 TB | H13: 34.4 TB | I13: 1% | J13: 100% | K13: 10% | L13: 31138 | M13: 30 Celsius | N13: 0x00 | O13: 0 | P13: 0 | Q13: 36 | R13: PASSED | S13: Good
... A144: zs-storage06 | B144: nvme23n1 | C144: Dell Express Flash NVMe P4610 3.2TB SFF | D144: BTLN946200AS3P2BGN | E144: VDV1DP21 | F144: 3.20 TB | G144: 157 TB | H144: 33.5 TB | I144: 0% | J144: 99% | K144: 10% | L144: 13093 | M144: 31 Celsius | N144: 0x00 | O144: 0 | P144: 0 | Q144: 20 | R144: PASSED | S144: Good
